EMP 2020 000001,EQ 000001
EMP 2020 000002,EQ 000002
EMP 2020 000003,EQ 000003
EMP 2020 000004,EQ 000004
EMP 2020 000005,EQ 000005
EMP 2020 000006,EQ 000006
EMP 2020 000007,EQ 000007
EMP 2020 000008,EQ 000008
EMP 2020 000009,EQ 000009
EMP 2020 000010,EQ 000010
EMP 2020 000011,EQ 000011
EMP 2020 000012,EQ 000012
EMP 2020 000013,EQ 000013
EMP 2020 000014,EQ 000014
EMP 2020 000015,EQ 000015
EMP 2020 000016,EQ 000016
EMP 2020 000017,EQ 000017
EMP 2020 000018,EQ 000018
EMP 2020 000019,EQ 000019
EMP 2020 000020,EQ 000020
EMP 2020 000021,EQ 000021
EMP 2020 000022,EQ 000022
EMP 2020 000023,EQ 000023
EMP 2020 000024,EQ 000024
EMP 2020 000025,EQ 000025
EMP 2020 000026,EQ 000026
EMP 2020 000027,EQ 000027
EMP 2020 000028,EQ 000028
EMP 2020 000029,EQ 000029
EMP 2020 000030,EQ 000030
EMP 2020 000031,EQ 000031
EMP 2020 000032,EQ 000032
EMP 2020 000033,EQ 000033
EMP 2020 000034,EQ 000034
EMP 2020 000035,EQ 000035
EMP 2020 000036,EQ 000036
EMP 2020 000037,EQ 000037
EMP 2020 000038,EQ 000038
EMP 2020 000039,EQ 000039
EMP 2020 000040,EQ 000040
EMP 2020 000041,EQ 000041
EMP 2020 000042,EQ 000001
EMP 2020 000043,EQ 000002
EMP 2020 000044,EQ 000003
EMP 2020 000045,EQ 000004
EMP 2020 000046,EQ 000005
EMP 2020 000047,EQ 000006
EMP 2020 000048,EQ 000007
EMP 2020 000049,EQ 000008
EMP 2020 000050,EQ 000009
EMP 2020 000051,EQ 000010
EMP 2020 000052,EQ 000011
EMP 2020 000053,EQ 000012
EMP 2020 000054,EQ 000013
EMP 2020 000055,EQ 000014
EMP 2020 000056,EQ 000015
EMP 2020 000057,EQ 000016
EMP 2020 000058,EQ 000017
EMP 2020 000059,EQ 000018
EMP 2020 000060,EQ 000019
EMP 2020 000061,EQ 000020
EMP 2020 000062,EQ 000021
EMP 2020 000063,EQ 000022
EMP 2020 000064,EQ 000023
EMP 2020 000065,EQ 000024
EMP 2020 000066,EQ 000025
EMP 2020 000067,EQ 000026
EMP 2020 000068,EQ 000027
EMP 2020 000069,EQ 000028
EMP 2020 000070,EQ 000029
EMP 2020 000076,EQ 000030
EMP 2020 000080,EQ 000031
EMP 2020 000081,EQ 000032
EMP 2020 000082,EQ 000033
EMP 2020 000083,EQ 000034
EMP 2020 000084,EQ 000035
EMP 2020 000085,EQ 000036
EMP 2020 000086,EQ 000037
EMP 2020 000087,EQ 000038
EMP 2020 000088,EQ 000039
EMP 2020 000089,EQ 000040
EMP 2020 000090,EQ 000041
EMP 2020 000001,EQ 000001
EMP 2020 000002,EQ 000002
EMP 2020 000003,EQ 000003
EMP 2020 000004,EQ 000004
EMP 2020 000005,EQ 000005
EMP 2020 000006,EQ 000006
EMP 2020 000007,EQ 000007
EMP 2020 000008,EQ 000008
EMP 2020 000009,EQ 000009
EMP 2020 000010,EQ 000010
EMP 2020 000011,EQ 000011
EMP 2020 000012,EQ 000012
EMP 2020 000013,EQ 000013
EMP 2020 000014,EQ 000014
EMP 2020 000015,EQ 000015
EMP 2020 000016,EQ 000016
EMP 2020 000017,EQ 000017
EMP 2020 000018,EQ 000018
EMP 2020 000019,EQ 000019
EMP 2020 000020,EQ 000020
EMP 2020 000021,EQ 000021
EMP 2020 000022,EQ 000022
EMP 2020 000023,EQ 000023
EMP 2020 000024,EQ 000024
EMP 2020 000025,EQ 000025
EMP 2020 000026,EQ 000026
EMP 2020 000027,EQ 000027
EMP 2020 000028,EQ 000028
EMP 2020 000029,EQ 000029
EMP 2020 000030,EQ 000030
EMP 2020 000031,EQ 000031
EMP 2020 000032,EQ 000032
EMP 2020 000033,EQ 000033
EMP 2020 000034,EQ 000034
EMP 2020 000035,EQ 000035
EMP 2020 000036,EQ 000036
EMP 2020 000037,EQ 000037
EMP 2020 000038,EQ 000038
EMP 2020 000039,EQ 000039
EMP 2020 000040,EQ 000040
EMP 2020 000041,EQ 000041
EMP 2020 000042,EQ 000001
EMP 2020 000043,EQ 000002
EMP 2020 000044,EQ 000003
EMP 2020 000045,EQ 000004
EMP 2020 000046,EQ 000005
EMP 2020 000047,EQ 000006
EMP 2020 000048,EQ 000007
EMP 2020 000049,EQ 000008
EMP 2020 000050,EQ 000009
EMP 2020 000051,EQ 000010
EMP 2020 000052,EQ 000011
EMP 2020 000053,EQ 000012
EMP 2020 000054,EQ 000013
EMP 2020 000055,EQ 000014
EMP 2020 000056,EQ 000015
EMP 2020 000057,EQ 000016
EMP 2020 000058,EQ 000017
EMP 2020 000059,EQ 000018
EMP 2020 000060,EQ 000019
EMP 2020 000061,EQ 000020
EMP 2020 000062,EQ 000021
EMP 2020 000063,EQ 000022
EMP 2020 000064,EQ 000023
EMP 2020 000065,EQ 000024
EMP 2020 000066,EQ 000025
EMP 2020 000067,EQ 000026
EMP 2020 000068,EQ 000027
EMP 2020 000069,EQ 000028
EMP 2020 000070,EQ 000029
EMP 2020 000076,EQ 000030
EMP 2020 000080,EQ 000031
EMP 2020 000081,EQ 000032
EMP 2020 000082,EQ 000033
EMP 2020 000083,EQ 000034
EMP 2020 000084,EQ 000035
EMP 2020 000085,EQ 000036
EMP 2020 000086,EQ 000037
EMP 2020 000087,EQ 000038
EMP 2020 000088,EQ 000039
EMP 2020 000089,EQ 000040
EMP 2020 000090,EQ 000041
EMP 2020 000001,EQ 000001
EMP 2020 000002,EQ 000002
EMP 2020 000003,EQ 000003
EMP 2020 000004,EQ 000004
EMP 2020 000005,EQ 000005
EMP 2020 000006,EQ 000006
EMP 2020 000007,EQ 000007
EMP 2020 000008,EQ 000008
EMP 2020 000009,EQ 000009
EMP 2020 000010,EQ 000010
EMP 2020 000011,EQ 000011
EMP 2020 000012,EQ 000012
EMP 2020 000013,EQ 000013
EMP 2020 000014,EQ 000014
EMP 2020 000015,EQ 000015
EMP 2020 000016,EQ 000016
EMP 2020 000017,EQ 000017
EMP 2020 000018,EQ 000018
EMP 2020 000019,EQ 000019
EMP 2020 000020,EQ 000020
EMP 2020 000021,EQ 000021
EMP 2020 000022,EQ 000022
EMP 2020 000023,EQ 000023
EMP 2020 000024,EQ 000024
EMP 2020 000025,EQ 000025
EMP 2020 000026,EQ 000026
EMP 2020 000027,EQ 000027
EMP 2020 000028,EQ 000028
EMP 2020 000029,EQ 000029
EMP 2020 000030,EQ 000030
EMP 2020 000031,EQ 000031
EMP 2020 000032,EQ 000032
EMP 2020 000033,EQ 000033
EMP 2020 000034,EQ 000034
EMP 2020 000035,EQ 000035
EMP 2020 000036,EQ 000036
EMP 2020 000037,EQ 000037
EMP 2020 000038,EQ 000038
EMP 2020 000039,EQ 000039
EMP 2020 000040,EQ 000040
EMP 2020 000041,EQ 000041
EMP 2020 000042,EQ 000001
EMP 2020 000043,EQ 000002
EMP 2020 000044,EQ 000003
EMP 2020 000045,EQ 000004
EMP 2020 000046,EQ 000005
EMP 2020 000047,EQ 000006
EMP 2020 000048,EQ 000007
EMP 2020 000049,EQ 000008
EMP 2020 000050,EQ 000009
EMP 2020 000051,EQ 000010
EMP 2020 000052,EQ 000011
EMP 2020 000053,EQ 000012
EMP 2020 000054,EQ 000013
EMP 2020 000055,EQ 000014
EMP 2020 000056,EQ 000015
EMP 2020 000057,EQ 000016
EMP 2020 000058,EQ 000017
EMP 2020 000059,EQ 000018
EMP 2020 000060,EQ 000019
EMP 2020 000061,EQ 000020
EMP 2020 000062,EQ 000021
EMP 2020 000063,EQ 000022
EMP 2020 000064,EQ 000023
EMP 2020 000065,EQ 000024
EMP 2020 000066,EQ 000025
EMP 2020 000067,EQ 000026
EMP 2020 000068,EQ 000027
EMP 2020 000069,EQ 000028
EMP 2020 000070,EQ 000029
EMP 2020 000076,EQ 000030
EMP 2020 000080,EQ 000031
EMP 2020 000081,EQ 000032
EMP 2020 000082,EQ 000033
EMP 2020 000083,EQ 000034
EMP 2020 000084,EQ 000035
EMP 2020 000085,EQ 000036
EMP 2020 000086,EQ 000037
EMP 2020 000087,EQ 000038
EMP 2020 000088,EQ 000039
EMP 2020 000089,EQ 000040
EMP 2020 000090,EQ 000041
EMP 2020 000001,EQ 000001
EMP 2020 000002,EQ 000002
EMP 2020 000003,EQ 000003
EMP 2020 000004,EQ 000004
EMP 2020 000005,EQ 000005
EMP 2020 000006,EQ 000006
EMP 2020 000007,EQ 000007
EMP 2020 000008,EQ 000008
EMP 2020 000009,EQ 000009
EMP 2020 000010,EQ 000010
EMP 2020 000011,EQ 000011
EMP 2020 000012,EQ 000012
EMP 2020 000013,EQ 000013
EMP 2020 000014,EQ 000014
EMP 2020 000015,EQ 000015
EMP 2020 000016,EQ 000016
EMP 2020 000017,EQ 000017
EMP 2020 000018,EQ 000018
EMP 2020 000019,EQ 000019
EMP 2020 000020,EQ 000020
EMP 2020 000021,EQ 000021
EMP 2020 000022,EQ 000022
EMP 2020 000023,EQ 000023
EMP 2020 000024,EQ 000024
EMP 2020 000025,EQ 000025
EMP 2020 000026,EQ 000026
EMP 2020 000027,EQ 000027
EMP 2020 000028,EQ 000028
EMP 2020 000029,EQ 000029
EMP 2020 000030,EQ 000030
EMP 2020 000031,EQ 000031
EMP 2020 000032,EQ 000032
EMP 2020 000033,EQ 000033
EMP 2020 000034,EQ 000034
EMP 2020 000035,EQ 000035
EMP 2020 000036,EQ 000036
EMP 2020 000037,EQ 000037
EMP 2020 000038,EQ 000038
EMP 2020 000039,EQ 000039
EMP 2020 000040,EQ 000040
EMP 2020 000041,EQ 000041
EMP 2020 000042,EQ 000001
EMP 2020 000043,EQ 000002
EMP 2020 000044,EQ 000003
EMP 2020 000045,EQ 000004
EMP 2020 000046,EQ 000005
EMP 2020 000047,EQ 000006
EMP 2020 000048,EQ 000007
EMP 2020 000049,EQ 000008
EMP 2020 000050,EQ 000009
EMP 2020 000051,EQ 000010
EMP 2020 000052,EQ 000011
EMP 2020 000053,EQ 000012
EMP 2020 000054,EQ 000013
EMP 2020 000055,EQ 000014
EMP 2020 000056,EQ 000015
EMP 2020 000057,EQ 000016
EMP 2020 000058,EQ 000017
EMP 2020 000059,EQ 000018
EMP 2020 000060,EQ 000019
EMP 2020 000061,EQ 000020
EMP 2020 000062,EQ 000021
EMP 2020 000063,EQ 000022
EMP 2020 000064,EQ 000023
EMP 2020 000065,EQ 000024
EMP 2020 000066,EQ 000025
EMP 2020 000067,EQ 000026
EMP 2020 000068,EQ 000027
EMP 2020 000069,EQ 000028
EMP 2020 000070,EQ 000029
EMP 2020 000076,EQ 000030
EMP 2020 000080,EQ 000031
EMP 2020 000081,EQ 000032
EMP 2020 000082,EQ 000033
EMP 2020 000083,EQ 000034
EMP 2020 000084,EQ 000035
EMP 2020 000085,EQ 000036
EMP 2020 000086,EQ 000037
EMP 2020 000087,EQ 000038
EMP 2020 000088,EQ 000039
EMP 2020 000089,EQ 000040
EMP 2020 000090,EQ 000041
EMP 2020 000001,EQ 000001
EMP 2020 000002,EQ 000002
EMP 2020 000003,EQ 000003
EMP 2020 000004,EQ 000004
EMP 2020 000005,EQ 000005
EMP 2020 000006,EQ 000006
EMP 2020 000007,EQ 000007
EMP 2020 000008,EQ 000008
EMP 2020 000009,EQ 000009
EMP 2020 000010,EQ 000010
EMP 2020 000011,EQ 000011
EMP 2020 000012,EQ 000012
EMP 2020 000013,EQ 000013
EMP 2020 000014,EQ 000014
EMP 2020 000015,EQ 000015
EMP 2020 000016,EQ 000016
EMP 2020 000017,EQ 000017
EMP 2020 000018,EQ 000018
EMP 2020 000019,EQ 000019
EMP 2020 000020,EQ 000020
EMP 2020 000021,EQ 000021
EMP 2020 000022,EQ 000022
EMP 2020 000023,EQ 000023
EMP 2020 000024,EQ 000024
EMP 2020 000025,EQ 000025
EMP 2020 000026,EQ 000026
EMP 2020 000027,EQ 000027
EMP 2020 000028,EQ 000028
EMP 2020 000029,EQ 000029
EMP 2020 000030,EQ 000030
EMP 2020 000031,EQ 000031
EMP 2020 000032,EQ 000032
EMP 2020 000033,EQ 000033
EMP 2020 000034,EQ 000034
EMP 2020 000035,EQ 000035
EMP 2020 000036,EQ 000036
EMP 2020 000037,EQ 000037
EMP 2020 000038,EQ 000038
EMP 2020 000039,EQ 000039
EMP 2020 000040,EQ 000040
EMP 2020 000041,EQ 000041
EMP 2020 000042,EQ 000001
EMP 2020 000043,EQ 000002
EMP 2020 000044,EQ 000003
EMP 2020 000045,EQ 000004
EMP 2020 000046,EQ 000005
EMP 2020 000047,EQ 000006
EMP 2020 000048,EQ 000007
EMP 2020 000049,EQ 000008
EMP 2020 000050,EQ 000009
EMP 2020 000051,EQ 000010
EMP 2020 000052,EQ 000011
EMP 2020 000053,EQ 000012
EMP 2020 000054,EQ 000013
EMP 2020 000055,EQ 000014
EMP 2020 000056,EQ 000015
EMP 2020 000057,EQ 000016
EMP 2020 000058,EQ 000017
EMP 2020 000059,EQ 000018
EMP 2020 000060,EQ 000019
EMP 2020 000061,EQ 000020
EMP 2020 000062,EQ 000021
EMP 2020 000063,EQ 000022
EMP 2020 000064,EQ 000023
EMP 2020 000065,EQ 000024
EMP 2020 000066,EQ 000025
EMP 2020 000067,EQ 000026
EMP 2020 000068,EQ 000027
EMP 2020 000069,EQ 000028
EMP 2020 000070,EQ 000029
EMP 2020 000076,EQ 000030
EMP 2020 000080,EQ 000031
EMP 2020 000081,EQ 000032
EMP 2020 000082,EQ 000033
EMP 2020 000083,EQ 000034
EMP 2020 000084,EQ 000035
EMP 2020 000085,EQ 000036
EMP 2020 000086,EQ 000037
EMP 2020 000087,EQ 000038
EMP 2020 000088,EQ 000039
EMP 2020 000089,EQ 000040
EMP 2020 000090,EQ 000041
EMP 2020 000001,EQ 000001
EMP 2020 000002,EQ 000002
EMP 2020 000003,EQ 000003
EMP 2020 000004,EQ 000004
EMP 2020 000005,EQ 000005
EMP 2020 000006,EQ 000006
EMP 2020 000007,EQ 000007
EMP 2020 000008,EQ 000008
EMP 2020 000009,EQ 000009
EMP 2020 000010,EQ 000010
EMP 2020 000011,EQ 000011
EMP 2020 000012,EQ 000012
EMP 2020 000013,EQ 000013
EMP 2020 000014,EQ 000014
EMP 2020 000015,EQ 000015
EMP 2020 000016,EQ 000016
EMP 2020 000017,EQ 000017
EMP 2020 000018,EQ 000018
EMP 2020 000019,EQ 000019
EMP 2020 000020,EQ 000020
EMP 2020 000021,EQ 000021
EMP 2020 000022,EQ 000022
EMP 2020 000023,EQ 000023
EMP 2020 000024,EQ 000024
EMP 2020 000025,EQ 000025
EMP 2020 000026,EQ 000026
EMP 2020 000027,EQ 000027
EMP 2020 000028,EQ 000028
EMP 2020 000029,EQ 000029
EMP 2020 000030,EQ 000030
EMP 2020 000031,EQ 000031
EMP 2020 000032,EQ 000032
EMP 2020 000033,EQ 000033
EMP 2020 000034,EQ 000034
EMP 2020 000035,EQ 000035
EMP 2020 000036,EQ 000036
EMP 2020 000037,EQ 000037
EMP 2020 000038,EQ 000038
EMP 2020 000039,EQ 000039
EMP 2020 000040,EQ 000040
EMP 2020 000041,EQ 000041
EMP 2020 000042,EQ 000001
EMP 2020 000043,EQ 000002
EMP 2020 000044,EQ 000003
EMP 2020 000045,EQ 000004
EMP 2020 000046,EQ 000005
EMP 2020 000047,EQ 000006
EMP 2020 000048,EQ 000007
EMP 2020 000049,EQ 000008
EMP 2020 000050,EQ 000009
EMP 2020 000051,EQ 000010
EMP 2020 000052,EQ 000011
EMP 2020 000053,EQ 000012
EMP 2020 000054,EQ 000013
EMP 2020 000055,EQ 000014
EMP 2020 000056,EQ 000015
EMP 2020 000057,EQ 000016
EMP 2020 000058,EQ 000017
EMP 2020 000059,EQ 000018
EMP 2020 000060,EQ 000019
EMP 2020 000061,EQ 000020
EMP 2020 000062,EQ 000021
EMP 2020 000063,EQ 000022
EMP 2020 000064,EQ 000023
EMP 2020 000065,EQ 000024
EMP 2020 000066,EQ 000025
EMP 2020 000067,EQ 000026
EMP 2020 000068,EQ 000027
EMP 2020 000069,EQ 000028
EMP 2020 000070,EQ 000029
EMP 2020 000076,EQ 000030
EMP 2020 000080,EQ 000031
EMP 2020 000081,EQ 000032
EMP 2020 000082,EQ 000033
EMP 2020 000083,EQ 000034
EMP 2020 000084,EQ 000035
EMP 2020 000085,EQ 000036
EMP 2020 000086,EQ 000037
EMP 2020 000087,EQ 000038
EMP 2020 000088,EQ 000039
EMP 2020 000089,EQ 000040
EMP 2020 000090,EQ 000041
EMP 2020 000001,EQ 000001
EMP 2020 000002,EQ 000002
EMP 2020 000003,EQ 000003
EMP 2020 000004,EQ 000004
EMP 2020 000005,EQ 000005
EMP 2020 000006,EQ 000006
EMP 2020 000007,EQ 000007
EMP 2020 000008,EQ 000008
EMP 2020 000009,EQ 000009
EMP 2020 000010,EQ 000010
EMP 2020 000011,EQ 000011
EMP 2020 000012,EQ 000012
EMP 2020 000013,EQ 000013
EMP 2020 000014,EQ 000014
EMP 2020 000015,EQ 000015
EMP 2020 000016,EQ 000016
EMP 2020 000017,EQ 000017
EMP 2020 000018,EQ 000018
EMP 2020 000019,EQ 000019
EMP 2020 000020,EQ 000020
EMP 2020 000021,EQ 000021
EMP 2020 000022,EQ 000022
EMP 2020 000023,EQ 000023
EMP 2020 000024,EQ 000024
EMP 2020 000025,EQ 000025
EMP 2020 000026,EQ 000026
EMP 2020 000027,EQ 000027
EMP 2020 000028,EQ 000028
EMP 2020 000029,EQ 000029
EMP 2020 000030,EQ 000030
EMP 2020 000031,EQ 000031
EMP 2020 000032,EQ 000032
EMP 2020 000033,EQ 000033
EMP 2020 000034,EQ 000034
EMP 2020 000035,EQ 000035
EMP 2020 000036,EQ 000036
EMP 2020 000037,EQ 000037
EMP 2020 000038,EQ 000038
EMP 2020 000039,EQ 000039
EMP 2020 000040,EQ 000040
EMP 2020 000041,EQ 000041
EMP 2020 000042,EQ 000001
EMP 2020 000043,EQ 000002
EMP 2020 000044,EQ 000003
EMP 2020 000045,EQ 000004
EMP 2020 000046,EQ 000005
EMP 2020 000047,EQ 000006
EMP 2020 000048,EQ 000007
EMP 2020 000049,EQ 000008
EMP 2020 000050,EQ 000009
EMP 2020 000051,EQ 000010
EMP 2020 000052,EQ 000011
EMP 2020 000053,EQ 000012
EMP 2020 000054,EQ 000013
EMP 2020 000055,EQ 000014
EMP 2020 000056,EQ 000015
EMP 2020 000057,EQ 000016
EMP 2020 000058,EQ 000017
EMP 2020 000059,EQ 000018
EMP 2020 000060,EQ 000019
EMP 2020 000061,EQ 000020
EMP 2020 000062,EQ 000021
EMP 2020 000063,EQ 000022
EMP 2020 000064,EQ 000023
EMP 2020 000065,EQ 000024
EMP 2020 000066,EQ 000025
EMP 2020 000067,EQ 000026
EMP 2020 000068,EQ 000027
EMP 2020 000069,EQ 000028
EMP 2020 000070,EQ 000029
EMP 2020 000076,EQ 000030
EMP 2020 000080,EQ 000031
EMP 2020 000081,EQ 000032
EMP 2020 000082,EQ 000033
EMP 2020 000083,EQ 000034
EMP 2020 000084,EQ 000035
EMP 2020 000085,EQ 000036
EMP 2020 000086,EQ 000037
EMP 2020 000087,EQ 000038
EMP 2020 000088,EQ 000039
EMP 2020 000089,EQ 000040
EMP 2020 000090,EQ 000041
EMP 2020 000001,EQ 000001
EMP 2020 000002,EQ 000002
EMP 2020 000003,EQ 000003
EMP 2020 000004,EQ 000004
EMP 2020 000005,EQ 000005
EMP 2020 000006,EQ 000006
EMP 2020 000007,EQ 000007
EMP 2020 000008,EQ 000008
EMP 2020 000009,EQ 000009
EMP 2020 000010,EQ 000010
EMP 2020 000011,EQ 000011
EMP 2020 000012,EQ 000012
EMP 2020 000013,EQ 000013
EMP 2020 000014,EQ 000014
EMP 2020 000015,EQ 000015
EMP 2020 000016,EQ 000016
EMP 2020 000017,EQ 000017
EMP 2020 000018,EQ 000018
EMP 2020 000019,EQ 000019
EMP 2020 000020,EQ 000020
EMP 2020 000021,EQ 000021
EMP 2020 000022,EQ 000022
EMP 2020 000023,EQ 000023
EMP 2020 000024,EQ 000024
EMP 2020 000025,EQ 000025
EMP 2020 000026,EQ 000026
EMP 2020 000027,EQ 000027
EMP 2020 000028,EQ 000028
EMP 2020 000029,EQ 000029
EMP 2020 000030,EQ 000030
EMP 2020 000031,EQ 000031
EMP 2020 000032,EQ 000032
EMP 2020 000033,EQ 000033
EMP 2020 000034,EQ 000034
EMP 2020 000035,EQ 000035
EMP 2020 000036,EQ 000036
EMP 2020 000037,EQ 000037
EMP 2020 000038,EQ 000038
EMP 2020 000039,EQ 000039
EMP 2020 000040,EQ 000040
EMP 2020 000041,EQ 000041
EMP 2020 000042,EQ 000001
EMP 2020 000043,EQ 000002
EMP 2020 000044,EQ 000003
EMP 2020 000045,EQ 000004
EMP 2020 000046,EQ 000005
EMP 2020 000047,EQ 000006
EMP 2020 000048,EQ 000007
EMP 2020 000049,EQ 000008
EMP 2020 000050,EQ 000009
EMP 2020 000051,EQ 000010
EMP 2020 000052,EQ 000011
EMP 2020 000053,EQ 000012
EMP 2020 000054,EQ 000013
EMP 2020 000055,EQ 000014
EMP 2020 000056,EQ 000015
EMP 2020 000057,EQ 000016
EMP 2020 000058,EQ 000017
EMP 2020 000059,EQ 000018
EMP 2020 000060,EQ 000019
EMP 2020 000061,EQ 000020
EMP 2020 000062,EQ 000021
EMP 2020 000063,EQ 000022
EMP 2020 000064,EQ 000023
EMP 2020 000065,EQ 000024
EMP 2020 000066,EQ 000025
EMP 2020 000067,EQ 000026
EMP 2020 000068,EQ 000027
EMP 2020 000069,EQ 000028
EMP 2020 000070,EQ 000029
EMP 2020 000076,EQ 000030
EMP 2020 000080,EQ 000031
EMP 2020 000081,EQ 000032
EMP 2020 000082,EQ 000033
EMP 2020 000083,EQ 000034
EMP 2020 000084,EQ 000035
EMP 2020 000085,EQ 000036
EMP 2020 000086,EQ 000037
EMP 2020 000087,EQ 000038
EMP 2020 000088,EQ 000039
EMP 2020 000089,EQ 000040
EMP 2020 000090,EQ 000041
EMP 2020 000001,EQ 000001
EMP 2020 000002,EQ 000002
EMP 2020 000003,EQ 000003
EMP 2020 000004,EQ 000004
EMP 2020 000005,EQ 000005
EMP 2020 000006,EQ 000006
EMP 2020 000007,EQ 000007
EMP 2020 000008,EQ 000008
EMP 2020 000009,EQ 000009
EMP 2020 000010,EQ 000010
EMP 2020 000011,EQ 000011
EMP 2020 000012,EQ 000012
EMP 2020 000013,EQ 000013
EMP 2020 000014,EQ 000014
EMP 2020 000015,EQ 000015
EMP 2020 000016,EQ 000016
EMP 2020 000017,EQ 000017
EMP 2020 000018,EQ 000018
EMP 2020 000019,EQ 000019
EMP 2020 000020,EQ 000020
EMP 2020 000021,EQ 000021
EMP 2020 000022,EQ 000022
EMP 2020 000023,EQ 000023
EMP 2020 000024,EQ 000024
EMP 2020 000025,EQ 000025
EMP 2020 000026,EQ 000026
EMP 2020 000027,EQ 000027
EMP 2020 000028,EQ 000028
EMP 2020 000029,EQ 000029
EMP 2020 000030,EQ 000030
EMP 2020 000031,EQ 000031
EMP 2020 000032,EQ 000032
EMP 2020 000033,EQ 000033
EMP 2020 000034,EQ 000034
EMP 2020 000035,EQ 000035
EMP 2020 000036,EQ 000036
EMP 2020 000037,EQ 000037
EMP 2020 000038,EQ 000038
EMP 2020 000039,EQ 000039
EMP 2020 000040,EQ 000040
EMP 2020 000041,EQ 000041
EMP 2020 000042,EQ 000001
EMP 2020 000043,EQ 000002
EMP 2020 000044,EQ 000003
EMP 2020 000045,EQ 000004
EMP 2020 000046,EQ 000005
EMP 2020 000047,EQ 000006
EMP 2020 000048,EQ 000007
EMP 2020 000049,EQ 000008
EMP 2020 000050,EQ 000009
EMP 2020 000051,EQ 000010
EMP 2020 000052,EQ 000011
EMP 2020 000053,EQ 000012
EMP 2020 000054,EQ 000013
EMP 2020 000055,EQ 000014
EMP 2020 000056,EQ 000015
EMP 2020 000057,EQ 000016
EMP 2020 000058,EQ 000017
EMP 2020 000059,EQ 000018
EMP 2020 000060,EQ 000019
EMP 2020 000061,EQ 000020
EMP 2020 000062,EQ 000021
EMP 2020 000063,EQ 000022
EMP 2020 000064,EQ 000023
EMP 2020 000065,EQ 000024
EMP 2020 000066,EQ 000025
EMP 2020 000067,EQ 000026
EMP 2020 000068,EQ 000027
EMP 2020 000069,EQ 000028
EMP 2020 000070,EQ 000029
EMP 2020 000076,EQ 000030
EMP 2020 000080,EQ 000031
EMP 2020 000081,EQ 000032
EMP 2020 000082,EQ 000033
EMP 2020 000083,EQ 000034
EMP 2020 000084,EQ 000035
EMP 2020 000085,EQ 000036
EMP 2020 000086,EQ 000037
EMP 2020 000087,EQ 000038
EMP 2020 000088,EQ 000039
EMP 2020 000089,EQ 000040
EMP 2020 000090,EQ 000041
EMP 2020 000001,EQ 000001
EMP 2020 000002,EQ 000002
EMP 2020 000003,EQ 000003
EMP 2020 000004,EQ 000004
EMP 2020 000005,EQ 000005
EMP 2020 000006,EQ 000006
EMP 2020 000007,EQ 000007
EMP 2020 000008,EQ 000008
EMP 2020 000009,EQ 000009
EMP 2020 000010,EQ 000010
EMP 2020 000011,EQ 000011
EMP 2020 000012,EQ 000012
EMP 2020 000013,EQ 000013
EMP 2020 000014,EQ 000014
EMP 2020 000015,EQ 000015
EMP 2020 000016,EQ 000016
EMP 2020 000017,EQ 000017
EMP 2020 000018,EQ 000018
EMP 2020 000019,EQ 000019
EMP 2020 000020,EQ 000020
EMP 2020 000021,EQ 000021
EMP 2020 000022,EQ 000022
EMP 2020 000023,EQ 000023
EMP 2020 000024,EQ 000024
EMP 2020 000025,EQ 000025
EMP 2020 000026,EQ 000026
EMP 2020 000027,EQ 000027
EMP 2020 000028,EQ 000028
EMP 2020 000029,EQ 000029
EMP 2020 000030,EQ 000030
EMP 2020 000031,EQ 000031
EMP 2020 000032,EQ 000032
EMP 2020 000033,EQ 000033
EMP 2020 000034,EQ 000034
EMP 2020 000035,EQ 000035
EMP 2020 000036,EQ 000036
EMP 2020 000037,EQ 000037
EMP 2020 000038,EQ 000038
EMP 2020 000039,EQ 000039
EMP 2020 000040,EQ 000040
EMP 2020 000041,EQ 000041
EMP 2020 000042,EQ 000001
EMP 2020 000043,EQ 000002
EMP 2020 000044,EQ 000003
EMP 2020 000045,EQ 000004
EMP 2020 000046,EQ 000005
EMP 2020 000047,EQ 000006
EMP 2020 000048,EQ 000007
EMP 2020 000049,EQ 000008
EMP 2020 000050,EQ 000009
EMP 2020 000051,EQ 000010
EMP 2020 000052,EQ 000011
EMP 2020 000053,EQ 000012
EMP 2020 000054,EQ 000013
EMP 2020 000055,EQ 000014
EMP 2020 000056,EQ 000015
EMP 2020 000057,EQ 000016
EMP 2020 000058,EQ 000017
EMP 2020 000059,EQ 000018
EMP 2020 000060,EQ 000019
EMP 2020 000061,EQ 000020
EMP 2020 000062,EQ 000021
EMP 2020 000063,EQ 000022
EMP 2020 000064,EQ 000023
EMP 2020 000065,EQ 000024
EMP 2020 000066,EQ 000025
EMP 2020 000067,EQ 000026
EMP 2020 000068,EQ 000027
EMP 2020 000069,EQ 000028
EMP 2020 000070,EQ 000029
EMP 2020 000076,EQ 000030
EMP 2020 000080,EQ 000031
EMP 2020 000081,EQ 000032
EMP 2020 000082,EQ 000033
EMP 2020 000083,EQ 000034
EMP 2020 000084,EQ 000035
EMP 2020 000085,EQ 000036
EMP 2020 000086,EQ 000037
EMP 2020 000087,EQ 000038
EMP 2020 000088,EQ 000039
EMP 2020 000089,EQ 000040
EMP 2020 000090,EQ 000041
EMP 2020 000001,EQ 000001
EMP 2020 000002,EQ 000002
EMP 2020 000003,EQ 000003
EMP 2020 000004,EQ 000004
EMP 2020 000005,EQ 000005
EMP 2020 000006,EQ 000006
EMP 2020 000007,EQ 000007
EMP 2020 000008,EQ 000008
EMP 2020 000009,EQ 000009
EMP 2020 000010,EQ 000010
EMP 2020 000011,EQ 000011
EMP 2020 000012,EQ 000012
EMP 2020 000013,EQ 000013
EMP 2020 000014,EQ 000014
EMP 2020 000015,EQ 000015
EMP 2020 000016,EQ 000016
EMP 2020 000017,EQ 000017
EMP 2020 000018,EQ 000018
EMP 2020 000019,EQ 000019
EMP 2020 000020,EQ 000020
EMP 2020 000021,EQ 000021
EMP 2020 000022,EQ 000022
EMP 2020 000023,EQ 000023
EMP 2020 000024,EQ 000024
EMP 2020 000025,EQ 000025
EMP 2020 000026,EQ 000026
EMP 2020 000027,EQ 000027
EMP 2020 000028,EQ 000028
EMP 2020 000029,EQ 000029
EMP 2020 000030,EQ 000030
EMP 2020 000031,EQ 000031
EMP 2020 000032,EQ 000032
EMP 2020 000033,EQ 000033
EMP 2020 000034,EQ 000034
EMP 2020 000035,EQ 000035
EMP 2020 000036,EQ 000036
EMP 2020 000037,EQ 000037
EMP 2020 000038,EQ 000038
EMP 2020 000039,EQ 000039
EMP 2020 000040,EQ 000040
EMP 2020 000041,EQ 000041
EMP 2020 000042,EQ 000001
EMP 2020 000043,EQ 000002
EMP 2020 000044,EQ 000003
EMP 2020 000045,EQ 000004
EMP 2020 000046,EQ 000005
EMP 2020 000047,EQ 000006
EMP 2020 000048,EQ 000007
EMP 2020 000049,EQ 000008
EMP 2020 000050,EQ 000009
EMP 2020 000051,EQ 000010
EMP 2020 000052,EQ 000011
EMP 2020 000053,EQ 000012
EMP 2020 000054,EQ 000013
EMP 2020 000055,EQ 000014
EMP 2020 000056,EQ 000015
EMP 2020 000057,EQ 000016
EMP 2020 000058,EQ 000017
EMP 2020 000059,EQ 000018
EMP 2020 000060,EQ 000019
EMP 2020 000061,EQ 000020
EMP 2020 000062,EQ 000021
EMP 2020 000063,EQ 000022
EMP 2020 000064,EQ 000023
EMP 2020 000065,EQ 000024
EMP 2020 000066,EQ 000025
EMP 2020 000067,EQ 000026
EMP 2020 000068,EQ 000027
EMP 2020 000069,EQ 000028
EMP 2020 000070,EQ 000029
EMP 2020 000076,EQ 000030
EMP 2020 000080,EQ 000031
EMP 2020 000081,EQ 000032
EMP 2020 000082,EQ 000033
EMP 2020 000083,EQ 000034
EMP 2020 000084,EQ 000035
EMP 2020 000085,EQ 000036
EMP 2020 000086,EQ 000037
EMP 2020 000087,EQ 000038
EMP 2020 000088,EQ 000039
EMP 2020 000089,EQ 000040
EMP 2020 000090,EQ 000041
EMP 2020 000001,EQ 000001
EMP 2020 000002,EQ 000002
EMP 2020 000003,EQ 000003
EMP 2020 000004,EQ 000004
EMP 2020 000005,EQ 000005
EMP 2020 000006,EQ 000006
EMP 2020 000007,EQ 000007
EMP 2020 000008,EQ 000008
EMP 2020 000009,EQ 000009
EMP 2020 000010,EQ 000010
EMP 2020 000011,EQ 000011
EMP 2020 000012,EQ 000012
EMP 2020 000013,EQ 000013
EMP 2020 000014,EQ 000014
EMP 2020 000015,EQ 000015
EMP 2020 000016,EQ 000016
EMP 2020 000017,EQ 000017
EMP 2020 000018,EQ 000018
EMP 2020 000019,EQ 000019
EMP 2020 000020,EQ 000020
EMP 2020 000021,EQ 000021
EMP 2020 000022,EQ 000022
EMP 2020 000023,EQ 000023
EMP 2020 000024,EQ 000024
EMP 2020 000025,EQ 000025
EMP 2020 000026,EQ 000026
EMP 2020 000027,EQ 000027
EMP 2020 000028,EQ 000028
EMP 2020 000029,EQ 000029
EMP 2020 000030,EQ 000030
EMP 2020 000031,EQ 000031
EMP 2020 000032,EQ 000032
EMP 2020 000033,EQ 000033
EMP 2020 000034,EQ 000034
EMP 2020 000035,EQ 000035
EMP 2020 000036,EQ 000036
EMP 2020 000037,EQ 000037
EMP 2020 000038,EQ 000038
EMP 2020 000039,EQ 000039
EMP 2020 000040,EQ 000040
EMP 2020 000041,EQ 000041
EMP 2020 000042,EQ 000001
EMP 2020 000043,EQ 000002
EMP 2020 000044,EQ 000003
EMP 2020 000045,EQ 000004
EMP 2020 000046,EQ 000005
EMP 2020 000047,EQ 000006
EMP 2020 000048,EQ 000007
EMP 2020 000049,EQ 000008
EMP 2020 000050,EQ 000009
EMP 2020 000051,EQ 000010
EMP 2020 000052,EQ 000011
EMP 2020 000053,EQ 000012
EMP 2020 000054,EQ 000013
EMP 2020 000055,EQ 000014
EMP 2020 000056,EQ 000015
EMP 2020 000057,EQ 000016
EMP 2020 000058,EQ 000017
EMP 2020 000059,EQ 000018
EMP 2020 000060,EQ 000019
EMP 2020 000061,EQ 000020
EMP 2020 000062,EQ 000021
EMP 2020 000063,EQ 000022
EMP 2020 000064,EQ 000023
EMP 2020 000065,EQ 000024
EMP 2020 000066,EQ 000025
EMP 2020 000067,EQ 000026
EMP 2020 000068,EQ 000027
EMP 2020 000069,EQ 000028
EMP 2020 000070,EQ 000029
EMP 2020 000076,EQ 000030
EMP 2020 000080,EQ 000031
EMP 2020 000081,EQ 000032
EMP 2020 000082,EQ 000033
EMP 2020 000083,EQ 000034
EMP 2020 000084,EQ 000035
EMP 2020 000085,EQ 000036
EMP 2020 000086,EQ 000037
EMP 2020 000087,EQ 000038
EMP 2020 000088,EQ 000039
EMP 2020 000089,EQ 000040
EMP 2020 000090,EQ 000041
EMP 2020 000001,EQ 000001
EMP 2020 000002,EQ 000002
EMP 2020 000003,EQ 000003
EMP 2020 000004,EQ 000004
EMP 2020 000005,EQ 000005
EMP 2020 000006,EQ 000006
EMP 2020 000007,EQ 000007
EMP 2020 000008,EQ 000008
EMP 2020 000009,EQ 000009
EMP 2020 000010,EQ 000010
EMP 2020 000011,EQ 000011
EMP 2020 000012,EQ 000012
EMP 2020 000013,EQ 000013
EMP 2020 000014,EQ 000014
EMP 2020 000015,EQ 000015
EMP 2020 000016,EQ 000016
