EMP 2020 000001,SV 000001,8/18/2019,1.29,in felis eu
EMP 2020 000003,SV 000002,5/8/2019,1.47,hac habitasse
EMP 2020 000005,SV 000003,3/27/2019,1.8,aliquet ultrices
EMP 2020 000006,SV 000004,2/10/2020,1.48,vestibulum vestibulum ante
EMP 2020 000007,SV 000005,4/21/2019,1.79,habitasse platea dictumst
EMP 2020 000008,SV 000006,8/26/2019,0.27,aenean auctor gravida
EMP 2020 000009,SV 000007,8/15/2019,1.33,amet justo morbi
EMP 2020 000011,SV 000008,1/11/2020,1.61,hac habitasse
EMP 2020 000012,SV 000009,4/3/2019,1.1,sed ante
EMP 2020 000016,SV 000010,4/4/2019,1.78,luctus et
EMP 2020 000017,SV 000011,4/27/2019,1.15,in ante
EMP 2020 000019,SV 000012,3/24/2019,0.74,et ultrices posuere
EMP 2020 000071,SV 000013,3/23/2019,0.27,viverra eget congue
EMP 2020 000072,SV 000014,9/9/2019,1.95,odio elementum eu
EMP 2020 000073,SV 000015,8/15/2019,1.67,nulla nisl
EMP 2020 000074,SV 000016,3/31/2019,0.88,sapien non mi
EMP 2020 000075,SV 000017,6/12/2019,1.44,morbi vestibulum velit
EMP 2020 000076,SV 000018,6/20/2019,0.27,montes nascetur
EMP 2020 000077,SV 000019,8/28/2019,1.59,tortor sollicitudin mi
EMP 2020 000078,SV 000020,10/21/2019,1.44,et magnis
EMP 2020 000079,SV 000021,7/29/2019,1.36,ac neque
EMP 2020 000080,SV 000022,3/10/2020,1.03,est congue elementum
EMP 2020 000081,SV 000023,5/15/2019,1.15,id lobortis convallis
EMP 2020 000082,SV 000024,7/7/2019,0.36,morbi non
EMP 2020 000083,SV 000025,8/12/2019,0.67,semper interdum mauris
EMP 2020 000084,SV 000026,1/9/2020,1.02,consequat in consequat
EMP 2020 000085,SV 000027,9/27/2019,1.84,quam suspendisse
EMP 2020 000086,SV 000028,7/12/2019,0.7,ligula in
EMP 2020 000087,SV 000029,11/3/2019,1.12,magna vestibulum aliquet
EMP 2020 000088,SV 000030,10/11/2019,1.92,velit donec diam
EMP 2020 000089,SV 000031,1/12/2020,1.84,etiam faucibus cursus
EMP 2020 000090,SV 000032,5/5/2019,1.32,ut volutpat sapien
EMP 2020 000091,SV 000033,4/24/2019,1.57,nullam porttitor
EMP 2020 000092,SV 000034,5/16/2019,0.57,venenatis non sodales
EMP 2020 000093,SV 000035,2/28/2020,1.19,augue quam sollicitudin
EMP 2020 000094,SV 000036,4/1/2019,1.97,quam nec dui
EMP 2020 000095,SV 000037,9/23/2019,0.7,non mauris morbi
EMP 2020 000096,SV 000038,3/25/2019,1.9,quisque erat
EMP 2020 000097,SV 000039,3/30/2019,1.55,ut suscipit a
EMP 2020 000098,SV 000040,12/21/2019,0.6,ipsum primis
EMP 2020 000099,SV 000041,1/7/2020,1.14,quis turpis
EMP 2020 000100,SV 000042,1/17/2020,0.5,augue vestibulum ante
EMP 2020 000101,SV 000043,7/28/2019,1.69,arcu libero
EMP 2020 000102,SV 000044,3/14/2020,0.92,viverra dapibus
EMP 2020 000001,SV 000045,5/13/2019,1.93,pede lobortis ligula
EMP 2020 000003,SV 000046,1/18/2020,0.93,ut nunc
EMP 2020 000005,SV 000047,6/7/2019,1.17,maecenas tristique est
EMP 2020 000006,SV 000048,6/9/2019,0.49,massa id nisl
EMP 2020 000007,SV 000049,1/19/2020,1.66,id turpis
EMP 2020 000008,SV 000050,12/31/2019,1.78,tortor duis
EMP 2020 000009,SV 000051,7/13/2019,0.65,morbi a ipsum
EMP 2020 000011,SV 000052,11/30/2019,1.84,nunc vestibulum ante
EMP 2020 000012,SV 000053,7/30/2019,0.99,venenatis lacinia
EMP 2020 000016,SV 000054,7/20/2019,0.84,porta volutpat quam
EMP 2020 000017,SV 000055,9/2/2019,1.03,etiam justo
EMP 2020 000019,SV 000056,5/1/2019,1.08,vel lectus in
EMP 2020 000071,SV 000057,6/16/2019,1.99,at velit vivamus
EMP 2020 000072,SV 000058,9/4/2019,1.63,nec sem
EMP 2020 000073,SV 000059,9/23/2019,0.72,lorem vitae mattis
EMP 2020 000074,SV 000060,4/7/2019,0.74,ligula nec
EMP 2020 000075,SV 000061,5/18/2019,1.39,donec posuere
EMP 2020 000076,SV 000062,1/20/2020,1.59,quisque arcu
EMP 2020 000077,SV 000063,7/22/2019,0.96,felis fusce posuere
EMP 2020 000078,SV 000064,6/29/2019,0.26,pede malesuada
EMP 2020 000079,SV 000065,4/6/2019,1.75,vestibulum ante ipsum
EMP 2020 000080,SV 000066,5/21/2019,0.72,ridiculus mus
EMP 2020 000081,SV 000067,11/3/2019,0.75,rutrum at
EMP 2020 000082,SV 000068,4/1/2019,0.38,sed ante vivamus
EMP 2020 000083,SV 000069,12/31/2019,1.74,at nunc
EMP 2020 000084,SV 000070,5/19/2019,0.2,eget eros
EMP 2020 000085,SV 000071,7/9/2019,1.25,pede ac
EMP 2020 000086,SV 000072,2/5/2020,1.96,lobortis vel
EMP 2020 000087,SV 000073,9/6/2019,0.33,sit amet diam
EMP 2020 000088,SV 000074,1/27/2020,0.69,lacus at velit
EMP 2020 000089,SV 000075,7/24/2019,1.71,lacus at
EMP 2020 000090,SV 000076,9/15/2019,1.12,eget massa tempor
EMP 2020 000091,SV 000077,4/18/2019,1.27,a feugiat et
EMP 2020 000092,SV 000078,5/5/2019,1.59,id consequat in
EMP 2020 000093,SV 000079,4/25/2019,1.71,pede venenatis non
EMP 2020 000094,SV 000080,7/26/2019,1.51,nunc rhoncus dui
EMP 2020 000095,SV 000081,5/23/2019,1.9,tortor risus
EMP 2020 000096,SV 000082,11/5/2019,1.52,id luctus nec
EMP 2020 000097,SV 000083,7/7/2019,1.58,pharetra magna vestibulum
EMP 2020 000098,SV 000084,5/6/2019,0.55,curae donec
EMP 2020 000099,SV 000085,9/22/2019,1.76,volutpat eleifend
EMP 2020 000100,SV 000086,7/15/2019,1.01,accumsan odio
EMP 2020 000101,SV 000087,7/2/2019,1.68,interdum venenatis turpis
EMP 2020 000102,SV 000088,1/17/2020,0.97,convallis eget
EMP 2020 000001,SV 000089,6/1/2019,1.24,eget orci vehicula
EMP 2020 000003,SV 000090,1/3/2020,0.28,commodo placerat
EMP 2020 000005,SV 000091,10/23/2019,0.22,dictumst maecenas ut
EMP 2020 000006,SV 000092,5/4/2019,1.98,ultrices phasellus
EMP 2020 000007,SV 000093,8/29/2019,1.83,quis orci
EMP 2020 000008,SV 000094,9/9/2019,1.76,est risus
EMP 2020 000009,SV 000095,11/1/2019,0.26,orci mauris
EMP 2020 000011,SV 000096,12/23/2019,1.35,elementum nullam varius
EMP 2020 000012,SV 000097,5/9/2019,0.61,ante vestibulum
EMP 2020 000016,SV 000098,11/14/2019,0.89,libero convallis
EMP 2020 000017,SV 000099,1/27/2020,0.77,lacinia erat vestibulum
EMP 2020 000019,SV 000100,3/9/2020,0.79,purus sit
